Customer_ID,Full_Name,City_ID
C0001,Fares Mekki,9
C0002,Zineb Oukil,10
C0003,Amel Rahmani,2
C0004,Manel Mekki,5
C0005,Youcef Mekki,10
C0006,Zineb Diaf,11
C0007,Zineb Toumi,11
C0008,Chahinez Boukhalfa,4
C0009,Imane Talbi,5
C0010,Omar Brahami,9
C0011,Chahinez Boukhalfa,4
C0012,Imane Diaf,12
C0013,Yacine Bouchareb,8
C0014,Fares Guellil,1
C0015,Asma Haddad,6
C0016,Hichem Brahami,7
C0017,Lina Bouzid,9
C0018,Ryad Boukhalfa,3
C0019,Ryad Chaouch,4
C0020,Khadidja Djedid,5
C0021,Lotfi Boukhalfa,1
C0022,Lina Bouchareb,11
C0023,Asma Haddad,10
C0024,Houda Mekki,10
C0025,Khadidja Mansouri,9
C0026,Manel Diaf,6
C0027,Amel Bouchareb,1
C0028,Nour Kherief,6
C0029,Karim Bouchareb,3
C0030,Rym Khelifa,12
C0031,Yacine Kherief,12
C0032,Nour Djerbal,5
C0033,Youcef Zerrouki,4
C0034,Amel Bouzid,7
C0035,Chahinez Diaf,12
C0036,Nour Guellil,9
C0037,Lina Guellil,12
C0038,Yacine Boukhalfa,12
C0039,Chahinez Mansouri,9
C0040,Manel Zerrouki,11
C0041,Khadidja Talbi,5
C0042,Fatima Talbi,9
C0043,Zineb Mekki,10
C0044,Omar Kherief,7
C0045,Amine Bouzid,1
C0046,Fatima Saidi,3
C0047,Sarah Kherief,12
C0048,Mehdi Rahmani,8
C0049,Walid Brahami,11
C0050,Mehdi Khelifa,10
C0051,Walid Kherief,11
C0052,Sami Haddad,9
C0053,Fares Djedid,12
C0054,Hichem Boukhalfa,6
C0055,Mehdi Toumi,1
C0056,Amine Saidi,4
C0057,Mehdi Mebarki,2
C0058,Omar Benali,3
C0059,Imane Kherief,4
C0060,Youcef Mebarki,6
C0061,Meriem Djerbal,4
C0062,Karim Kherief,2
C0063,Amine Toumi,2
C0064,Khaled Rahmani,12
C0065,Nour Guellil,6
C0066,Samia Oukil,9
C0067,Sofiane Guellil,11
C0068,Houda Djerbal,10
C0069,Aya Brahami,2
C0070,Sarah Chaouch,3
C0071,Yasmine Mekki,6
C0072,Billel Oukil,4
C0073,Amel Djedid,4
C0074,Lotfi Djedid,2
C0075,Houda Kherief,1
C0076,Mehdi Bouzid,7
C0077,Nour Boukhalfa,10
C0078,Hichem Djedid,9
C0079,Lotfi Toumi,3
C0080,Khadidja Saidi,11
C0081,Houda Oukil,7
C0082,Ryad Benali,7
C0083,Lotfi Bouzid,12
C0084,Khadidja Haddad,11
C0085,Amel Amrani,11
C0086,Khaled Kherief,3
C0087,Fares Mebarki,2
C0088,Rym Haddad,4
C0089,Yacine Haddad,12
C0090,Zineb Talbi,3
C0091,Mohamed Khelifa,3
C0092,Zineb Benali,1
C0093,Nour Rahmani,12
C0094,Omar Djerbal,2
C0095,Lotfi Mansouri,3
C0096,Lotfi Rahmani,5
C0097,Amine Boukhalfa,1
C0098,Fares Bouchareb,6
C0099,Fares Bouchareb,8
C0100,Karim Djerbal,8
C0101,Omar Bouzid,5
C0102,Rym Guellil,6
C0103,Walid Mebarki,12
C0104,Amine Zerrouki,12
C0105,Karim Benali,5
C0106,Sami Chaouch,12
C0107,Nabil Brahami,1
C0108,Asma Oukil,3
C0109,Lina Mansouri,8
C0110,Fares Bouchareb,1
C0111,Omar Mansouri,8
C0112,Manel Oukil,11
C0113,Yasmine Djerbal,5
C0114,Chahinez Djedid,4
C0115,Youcef Mansouri,4
C0116,Youcef Benali,5
C0117,Mohamed Rahmani,2
C0118,Samia Djedid,12
C0119,Mehdi Zerrouki,3
C0120,Billel Djedid,7
C0121,Mehdi Zerrouki,9
C0122,Samia Djerbal,8
C0123,Sarah Brahami,12
C0124,Karim Brahami,6
C0125,Samia Boukhalfa,12
C0126,Hichem Guellil,10
C0127,Youcef Djedid,10
C0128,Asma Mekki,5
C0129,Aya Guellil,3
C0130,Karim Mebarki,12
C0131,Houda Guellil,10
C0132,Chahinez Djedid,12
C0133,Karim Chaouch,1
C0134,Rym Djedid,11
C0135,Amine Haddad,7
C0136,Mohamed Boukhalfa,12
C0137,Zineb Khelifa,3
C0138,Billel Toumi,1
C0139,Amel Bouzid,2
C0140,Fares Amrani,12
C0141,Ryad Guellil,2
C0142,Khaled Kherief,9
C0143,Lotfi Mebarki,2
C0144,Nour Zerrouki,6
C0145,Billel Saidi,12
C0146,Karim Bouzid,7
C0147,Mehdi Haddad,1
C0148,Amine Mebarki,8
C0149,Ryad Mekki,8
C0150,Aya Brahami,6
C0151,Ryad Benali,8
C0152,Sofiane Zerrouki,11
C0153,Khadidja Djerbal,9
C0154,Manel Amrani,1
C0155,Nour Mebarki,2
C0156,Fatima Khelifa,1
C0157,Nabil Kherief,2
C0158,Asma Diaf,4
C0159,Mehdi Khelifa,10
C0160,Amel Kherief,11
C0161,Samia Boukhalfa,11
C0162,Samia Djerbal,5
C0163,Nabil Boukhalfa,10
C0164,Nabil Amrani,1
C0165,Karim Rahmani,6
C0166,Zineb Diaf,4
C0167,Zineb Saidi,6
C0168,Chahinez Amrani,5
C0169,Chahinez Guellil,4
C0170,Khaled Benali,11
C0171,Youcef Mebarki,5
C0172,Manel Mansouri,11
C0173,Mohamed Saidi,2
C0174,Fares Zerrouki,12
C0175,Walid Bouchareb,8
C0176,Ryad Diaf,7
C0177,Nabil Mekki,5
C0178,Mohamed Oukil,3
C0179,Fares Djedid,5
C0180,Amel Benali,5
C0181,Youcef Rahmani,2
C0182,Samia Kherief,5
C0183,Asma Bouchareb,2
C0184,Imane Guellil,5
C0185,Khaled Talbi,4
C0186,Rym Talbi,7
C0187,Hichem Saidi,8
C0188,Houda Toumi,6
C0189,Fares Diaf,12
C0190,Amel Saidi,10
C0191,Nour Brahami,9
C0192,Nabil Talbi,3
C0193,Chahinez Amrani,9
C0194,Sofiane Mekki,4
C0195,Asma Zerrouki,8
C0196,Imane Amrani,4
C0197,Youcef Bouzid,7
C0198,Asma Haddad,9
C0199,Samia Boukhalfa,2
C0200,Ryad Benali,4
C0201,Mehdi Mekki,9
C0202,Manel Diaf,10
C0203,Walid Boukhalfa,9
C0204,Chahinez Mekki,4
C0205,Samia Kherief,3
C0206,Fares Oukil,2
C0207,Amine Diaf,9
C0208,Lina Talbi,8
C0209,Mohamed Kherief,8
C0210,Rym Guellil,8
C0211,Yacine Saidi,3
C0212,Chahinez Zerrouki,12
C0213,Nabil Guellil,12
C0214,Manel Brahami,4
C0215,Billel Diaf,5
C0216,Yacine Toumi,7
C0217,Khaled Brahami,10
C0218,Yacine Chaouch,9
C0219,Imane Rahmani,5
C0220,Lotfi Zerrouki,12
C0221,Khadidja Diaf,10
C0222,Youcef Amrani,8
C0223,Khaled Talbi,3
C0224,Khadidja Guellil,7
C0225,Billel Mekki,3
C0226,Mohamed Bouzid,12
C0227,Imane Toumi,2
C0228,Lotfi Toumi,10
C0229,Khaled Amrani,3
C0230,Billel Guellil,11
C0231,Rym Oukil,8
C0232,Amine Zerrouki,6
C0233,Khadidja Brahami,2
C0234,Billel Haddad,3
C0235,Meriem Haddad,1
C0236,Houda Oukil,1
C0237,Billel Bouzid,6
C0238,Asma Toumi,6
C0239,Khaled Mebarki,11
C0240,Lotfi Djerbal,5
C0241,Houda Mansouri,12
C0242,Asma Zerrouki,2
C0243,Walid Haddad,3
C0244,Youcef Oukil,7
C0245,Fares Boukhalfa,9
C0246,Chahinez Haddad,2
C0247,Manel Haddad,4
C0248,Samia Amrani,2
C0249,Lotfi Bouzid,3
C0250,Imane Haddad,5
C0251,Sarah Bouchareb,2
C0252,Ryad Talbi,5
C0253,Aya Bouzid,9
C0254,Yasmine Diaf,6
C0255,Zineb Djedid,2
C0256,Meriem Bouzid,9
C0257,Zineb Khelifa,4
C0258,Mohamed Rahmani,11
C0259,Imane Khelifa,10
C0260,Karim Boukhalfa,8
C0261,Walid Guellil,12
C0262,Fares Mansouri,3
C0263,Khadidja Djedid,5
C0264,Yasmine Kherief,1
C0265,Rym Talbi,10
C0266,Mohamed Amrani,10
C0267,Samia Haddad,8
C0268,Sarah Mansouri,5
C0269,Sami Amrani,12
C0270,Mehdi Bouzid,10
C0271,Lina Diaf,6
C0272,Rym Zerrouki,9
C0273,Chahinez Mekki,12
C0274,Lotfi Talbi,2
C0275,Zineb Djedid,4
C0276,Zineb Mekki,12
C0277,Fatima Chaouch,7
C0278,Yacine Benali,7
C0279,Lotfi Oukil,5
C0280,Amel Mekki,3
C0281,Imane Mebarki,5
C0282,Fares Mekki,8
C0283,Meriem Rahmani,6
C0284,Yasmine Benali,8
C0285,Nabil Mebarki,7
C0286,Fares Amrani,7
C0287,Samia Amrani,10
C0288,Lina Brahami,4
C0289,Sofiane Brahami,4
C0290,Omar Mebarki,6
C0291,Mehdi Benali,4
C0292,Omar Mansouri,12
C0293,Omar Diaf,10
C0294,Amel Saidi,7
C0295,Yacine Mebarki,8
C0296,Zineb Chaouch,7
C0297,Chahinez Saidi,10
C0298,Lina Haddad,1
C0299,Ryad Mekki,7
C0300,Houda Bouchareb,11
C0301,Asma Diaf,9
C0302,Aya Haddad,8
C0303,Nabil Djedid,12
C0304,Ryad Mebarki,2
C0305,Lina Mansouri,9
C0306,Amel Chaouch,1
C0307,Chahinez Chaouch,2
C0308,Amine Diaf,2
C0309,Chahinez Haddad,7
C0310,Omar Guellil,6
C0311,Imane Bouchareb,2
C0312,Sofiane Boukhalfa,5
C0313,Yasmine Benali,7
C0314,Sarah Kherief,1
C0315,Amel Mebarki,5
C0316,Lotfi Bouzid,11
C0317,Rym Amrani,6
C0318,Manel Mekki,11
C0319,Khaled Kherief,4
C0320,Sami Saidi,10
C0321,Meriem Guellil,4
C0322,Khaled Toumi,11
C0323,Hichem Guellil,3
C0324,Asma Boukhalfa,7
C0325,Rym Boukhalfa,1
C0326,Youcef Kherief,10
C0327,Ryad Bouzid,5
C0328,Imane Saidi,6
C0329,Nour Kherief,1
C0330,Yasmine Khelifa,1
C0331,Zineb Khelifa,10
C0332,Ryad Oukil,8
C0333,Omar Rahmani,12
C0334,Sarah Brahami,7
C0335,Mohamed Brahami,6
C0336,Youcef Diaf,4
C0337,Fares Haddad,6
C0338,Houda Mekki,6
C0339,Mehdi Bouzid,11
C0340,Nour Mebarki,4
C0341,Amine Oukil,1
C0342,Youcef Haddad,10
C0343,Imane Saidi,4
C0344,Lina Kherief,6
C0345,Manel Toumi,4
C0346,Meriem Mebarki,11
C0347,Lotfi Mebarki,3
C0348,Yacine Brahami,1
C0349,Yasmine Guellil,1
C0350,Walid Brahami,4
C0351,Sofiane Amrani,6
C0352,Asma Amrani,9
C0353,Meriem Oukil,7
C0354,Youcef Diaf,2
C0355,Asma Bouzid,3
C0356,Amine Rahmani,11
C0357,Khaled Brahami,10
C0358,Hichem Djedid,8
C0359,Meriem Saidi,1
C0360,Mehdi Bouzid,11
C0361,Aya Chaouch,12
C0362,Youcef Rahmani,7
C0363,Meriem Khelifa,10
C0364,Rym Talbi,5
C0365,Manel Talbi,9
C0366,Aya Rahmani,12
C0367,Fares Saidi,8
C0368,Manel Amrani,11
C0369,Chahinez Toumi,5
C0370,Sami Amrani,1
C0371,Youcef Bouchareb,3
C0372,Fatima Brahami,7
C0373,Imane Kherief,2
C0374,Meriem Amrani,3
C0375,Hichem Mekki,10
C0376,Asma Zerrouki,10
C0377,Sami Zerrouki,11
C0378,Aya Brahami,3
C0379,Sarah Brahami,7
C0380,Mehdi Kherief,3
C0381,Ryad Boukhalfa,7
C0382,Amel Brahami,8
C0383,Houda Toumi,9
C0384,Nour Mansouri,10
C0385,Yasmine Bouzid,9
C0386,Amel Benali,7
C0387,Omar Mebarki,12
C0388,Rym Toumi,10
C0389,Fatima Talbi,8
C0390,Houda Mansouri,9
C0391,Manel Khelifa,3
C0392,Khadidja Chaouch,9
C0393,Yacine Brahami,1
C0394,Mohamed Zerrouki,10
C0395,Asma Kherief,1
C0396,Sami Brahami,5
C0397,Aya Khelifa,5
C0398,Omar Mebarki,9
C0399,Amel Khelifa,8
C0400,Sofiane Oukil,5
C0401,Fares Brahami,1
C0402,Rym Khelifa,6
C0403,Sarah Benali,2
C0404,Asma Haddad,7
C0405,Youcef Oukil,12
C0406,Lina Bouzid,3
C0407,Nour Mansouri,1
C0408,Nabil Djedid,11
C0409,Lotfi Kherief,2
C0410,Yasmine Mebarki,4
C0411,Nabil Toumi,9
C0412,Omar Oukil,7
C0413,Ryad Oukil,3
C0414,Lotfi Rahmani,7
C0415,Nabil Toumi,3
C0416,Mohamed Haddad,4
C0417,Fares Bouchareb,12
C0418,Fatima Oukil,8
C0419,Walid Rahmani,2
C0420,Yacine Boukhalfa,10
C0421,Sofiane Brahami,6
C0422,Yasmine Zerrouki,2
C0423,Yasmine Oukil,2
C0424,Nour Djedid,2
C0425,Houda Saidi,2
C0426,Nabil Djerbal,10
C0427,Billel Toumi,10
C0428,Manel Talbi,3
C0429,Khaled Boukhalfa,7
C0430,Asma Talbi,7
C0431,Rym Talbi,4
C0432,Youcef Talbi,1
C0433,Aya Brahami,2
C0434,Asma Diaf,7
C0435,Amel Amrani,5
C0436,Rym Mekki,4
C0437,Meriem Djerbal,8
C0438,Zineb Boukhalfa,10
C0439,Billel Saidi,1
C0440,Chahinez Oukil,9
C0441,Mehdi Brahami,8
C0442,Chahinez Djedid,6
C0443,Ryad Mekki,2
C0444,Amine Djerbal,4
C0445,Youcef Mebarki,11
C0446,Walid Chaouch,10
C0447,Zineb Bouzid,3
C0448,Manel Oukil,4
C0449,Samia Djerbal,5
C0450,Manel Benali,6
C0451,Karim Amrani,9
C0452,Meriem Mansouri,2
C0453,Lotfi Zerrouki,4
C0454,Chahinez Haddad,4
C0455,Samia Benali,4
C0456,Omar Djedid,5
C0457,Manel Saidi,3
C0458,Khaled Bouzid,11
C0459,Walid Oukil,4
C0460,Khadidja Rahmani,4
C0461,Yacine Bouzid,2
C0462,Youcef Khelifa,8
C0463,Fatima Toumi,2
C0464,Houda Kherief,6
C0465,Amine Mebarki,4
C0466,Khadidja Mekki,10
C0467,Hichem Djerbal,5
C0468,Nabil Mekki,1
C0469,Nabil Diaf,2
C0470,Khadidja Talbi,6
C0471,Ryad Amrani,10
C0472,Chahinez Mekki,5
C0473,Mohamed Brahami,2
C0474,Sami Mekki,7
C0475,Fatima Bouzid,6
C0476,Rym Guellil,6
C0477,Karim Diaf,4
C0478,Yasmine Talbi,4
C0479,Omar Talbi,9
C0480,Ryad Zerrouki,12
C0481,Meriem Toumi,3
C0482,Yasmine Djerbal,1
C0483,Imane Oukil,2
C0484,Sami Bouzid,11
C0485,Ryad Talbi,10
C0486,Amel Brahami,3
C0487,Yasmine Khelifa,3
C0488,Nabil Chaouch,10
C0489,Khaled Haddad,9
C0490,Fares Saidi,4
C0491,Sofiane Mansouri,11
C0492,Houda Zerrouki,5
C0493,Meriem Djerbal,11
C0494,Karim Talbi,6
C0495,Yasmine Bouzid,12
C0496,Amel Khelifa,7
C0497,Lotfi Benali,12
C0498,Houda Diaf,6
C0499,Khaled Boukhalfa,11
C0500,Billel Chaouch,11
C0501,Sarah Bouchareb,5
C0502,Sofiane Talbi,4
C0503,Amel Guellil,7
C0504,Rym Diaf,6
C0505,Lotfi Bouzid,3
C0506,Samia Bouchareb,6
C0507,Mohamed Khelifa,7
C0508,Manel Brahami,12
C0509,Meriem Mansouri,3
C0510,Nour Bouchareb,10
C0511,Khadidja Guellil,3
C0512,Yacine Mansouri,11
C0513,Mehdi Mebarki,8
C0514,Mehdi Mansouri,4
C0515,Mohamed Amrani,1
C0516,Samia Boukhalfa,1
C0517,Billel Rahmani,6
C0518,Karim Mekki,7
C0519,Sarah Guellil,3
C0520,Sarah Guellil,4
C0521,Manel Mekki,1
C0522,Nour Oukil,4
C0523,Sarah Mebarki,5
C0524,Omar Diaf,9
C0525,Khaled Diaf,1
C0526,Fatima Djerbal,2
C0527,Khaled Djedid,6
C0528,Sami Diaf,11
C0529,Samia Toumi,11
C0530,Fares Djedid,3
C0531,Fares Bouzid,1
C0532,Amine Oukil,1
C0533,Sami Saidi,6
C0534,Khaled Rahmani,12
C0535,Khaled Brahami,3
C0536,Samia Khelifa,11
C0537,Fares Khelifa,3
C0538,Sami Mebarki,1
C0539,Mehdi Bouzid,5
C0540,Lina Guellil,1
C0541,Walid Kherief,4
C0542,Samia Zerrouki,11
C0543,Mehdi Haddad,8
C0544,Imane Bouchareb,1
C0545,Imane Mekki,1
C0546,Youcef Zerrouki,10
C0547,Sofiane Amrani,2
C0548,Lotfi Bouzid,11
C0549,Khadidja Rahmani,3
C0550,Yacine Talbi,3
C0551,Yasmine Djerbal,9
C0552,Nour Brahami,9
C0553,Sarah Chaouch,2
C0554,Amel Amrani,2
C0555,Aya Talbi,1
C0556,Sarah Brahami,2
C0557,Fatima Kherief,5
C0558,Amel Khelifa,7
C0559,Yasmine Saidi,11
C0560,Houda Bouzid,4
C0561,Mohamed Chaouch,3
C0562,Karim Khelifa,9
C0563,Mehdi Djedid,9
C0564,Sarah Chaouch,10
C0565,Mohamed Khelifa,7
C0566,Rym Talbi,2
C0567,Yacine Oukil,11
C0568,Fatima Guellil,3
C0569,Khadidja Djerbal,10
C0570,Amine Djedid,2
C0571,Sofiane Guellil,11
C0572,Ryad Zerrouki,3
C0573,Sarah Mansouri,4
C0574,Nour Diaf,10
C0575,Youcef Brahami,8
C0576,Karim Chaouch,9
C0577,Hichem Mansouri,2
C0578,Asma Guellil,10
C0579,Sofiane Haddad,12
C0580,Nour Bouzid,6
C0581,Billel Bouchareb,1
C0582,Aya Khelifa,3
C0583,Houda Brahami,3
C0584,Lina Bouzid,5
C0585,Omar Brahami,4
C0586,Ryad Toumi,1
C0587,Mehdi Talbi,1
C0588,Chahinez Diaf,11
C0589,Fatima Talbi,10
C0590,Fatima Amrani,7
C0591,Mehdi Bouzid,10
C0592,Billel Mekki,7
C0593,Houda Zerrouki,1
C0594,Khadidja Bouchareb,11
C0595,Sarah Mebarki,12
C0596,Lina Brahami,7
C0597,Ryad Brahami,1
C0598,Lotfi Djedid,5
C0599,Amine Benali,8
C0600,Sarah Chaouch,8
C0601,Imane Bouzid,2
C0602,Omar Khelifa,8
C0603,Hichem Benali,1
C0604,Ryad Zerrouki,5
C0605,Omar Zerrouki,6
C0606,Sarah Rahmani,11
C0607,Walid Talbi,6
C0608,Mehdi Zerrouki,8
C0609,Lina Bouzid,8
C0610,Asma Zerrouki,1
C0611,Lina Guellil,7
C0612,Asma Toumi,2
C0613,Samia Guellil,1
C0614,Sofiane Diaf,3
C0615,Chahinez Kherief,1
C0616,Manel Mansouri,10
C0617,Yacine Boukhalfa,6
C0618,Mehdi Mebarki,11
C0619,Rym Oukil,6
C0620,Walid Mekki,1
C0621,Rym Brahami,6
C0622,Nabil Brahami,1
C0623,Samia Mekki,10
C0624,Fares Khelifa,10
C0625,Asma Kherief,4
C0626,Amine Mebarki,8
C0627,Khadidja Bouchareb,9
C0628,Hichem Kherief,10
C0629,Omar Mansouri,2
C0630,Imane Amrani,12
C0631,Zineb Chaouch,2
C0632,Yasmine Mebarki,12
C0633,Zineb Guellil,2
C0634,Meriem Zerrouki,11
C0635,Mohamed Guellil,1
C0636,Youcef Diaf,4
C0637,Zineb Bouchareb,5
C0638,Sarah Toumi,2
C0639,Asma Talbi,1
C0640,Zineb Oukil,11
C0641,Khaled Talbi,5
C0642,Ryad Brahami,5
C0643,Billel Mebarki,7
C0644,Nabil Djedid,4
C0645,Amine Talbi,7
C0646,Nour Djerbal,4
C0647,Zineb Toumi,6
C0648,Rym Zerrouki,10
C0649,Samia Saidi,4
C0650,Khadidja Mekki,10
C0651,Meriem Kherief,1
C0652,Chahinez Brahami,7
C0653,Sami Rahmani,4
C0654,Khaled Mebarki,7
C0655,Ryad Amrani,7
C0656,Sami Saidi,8
C0657,Amel Rahmani,1
C0658,Mohamed Mekki,4
C0659,Omar Guellil,9
C0660,Khaled Djerbal,7
C0661,Nabil Amrani,4
C0662,Nour Talbi,8
C0663,Fatima Mebarki,10
C0664,Lotfi Brahami,8
C0665,Sarah Chaouch,2
C0666,Aya Djerbal,11
C0667,Mohamed Brahami,12
C0668,Fatima Guellil,1
C0669,Omar Zerrouki,5
C0670,Omar Kherief,4
C0671,Amel Rahmani,8
C0672,Yasmine Rahmani,11
C0673,Fares Kherief,10
C0674,Youcef Amrani,8
C0675,Walid Benali,3
C0676,Lotfi Chaouch,12
C0677,Meriem Benali,1
C0678,Omar Benali,3
C0679,Yasmine Khelifa,8
C0680,Sofiane Bouzid,1
C0681,Fares Haddad,1
C0682,Meriem Djerbal,3
C0683,Nour Amrani,5
C0684,Sofiane Chaouch,6
C0685,Sarah Zerrouki,11
C0686,Yacine Mebarki,11
C0687,Fares Mansouri,5
C0688,Houda Talbi,4
C0689,Lotfi Brahami,11
C0690,Omar Amrani,5
C0691,Sami Diaf,2
C0692,Nabil Mansouri,8
C0693,Imane Boukhalfa,3
C0694,Sarah Boukhalfa,11
C0695,Houda Oukil,5
C0696,Lina Mansouri,6
C0697,Yacine Toumi,9
C0698,Amel Chaouch,3
C0699,Asma Benali,1
C0700,Ryad Mansouri,11
C0701,Manel Talbi,7
C0702,Nour Djedid,3
C0703,Chahinez Djerbal,8
C0704,Zineb Toumi,3
C0705,Meriem Chaouch,3
C0706,Manel Talbi,3
C0707,Nour Toumi,10
C0708,Ryad Khelifa,8
C0709,Manel Saidi,10
C0710,Amel Chaouch,6
C0711,Amine Khelifa,12
C0712,Mohamed Bouchareb,9
C0713,Sami Djerbal,9
C0714,Imane Chaouch,3
C0715,Yasmine Guellil,2
C0716,Chahinez Mekki,11
C0717,Ryad Mansouri,2
C0718,Asma Mekki,4
C0719,Samia Chaouch,8
C0720,Amine Oukil,7
C0721,Lina Oukil,9
C0722,Khaled Mansouri,2
C0723,Mohamed Boukhalfa,3
C0724,Lotfi Saidi,2
C0725,Omar Rahmani,12
C0726,Lina Guellil,11
C0727,Samia Diaf,8
C0728,Chahinez Bouzid,4
C0729,Karim Guellil,1
C0730,Nour Khelifa,6
C0731,Ryad Djedid,11
C0732,Amine Djedid,8
C0733,Sofiane Haddad,7
C0734,Zineb Talbi,3
C0735,Sami Benali,5
C0736,Ryad Bouchareb,1
C0737,Hichem Khelifa,9
C0738,Amel Guellil,9
C0739,Asma Mebarki,5
C0740,Sofiane Amrani,6
C0741,Khaled Djerbal,9
C0742,Lotfi Mansouri,1
C0743,Billel Toumi,1
C0744,Ryad Boukhalfa,1
C0745,Fares Guellil,10
C0746,Sofiane Zerrouki,3
C0747,Khaled Boukhalfa,6
C0748,Omar Kherief,10
C0749,Yasmine Guellil,8
C0750,Houda Khelifa,6
C0751,Yasmine Kherief,6
C0752,Nabil Oukil,7
C0753,Mehdi Benali,11
C0754,Youcef Mekki,12
C0755,Meriem Brahami,6
C0756,Lina Zerrouki,10
C0757,Nabil Amrani,8
C0758,Samia Djedid,2
C0759,Yasmine Mekki,5
C0760,Omar Diaf,11
C0761,Omar Khelifa,12
C0762,Houda Bouzid,1
C0763,Nour Rahmani,10
C0764,Asma Rahmani,9
C0765,Sarah Talbi,1
C0766,Amine Benali,9
C0767,Yasmine Guellil,11
C0768,Mohamed Oukil,6
C0769,Billel Oukil,4
C0770,Aya Khelifa,1
C0771,Yasmine Djedid,12
C0772,Youcef Amrani,2
C0773,Hichem Saidi,8
C0774,Asma Bouchareb,9
C0775,Khaled Boukhalfa,11
C0776,Sofiane Talbi,8
C0777,Hichem Rahmani,9
C0778,Sarah Benali,9
C0779,Sofiane Djerbal,2
C0780,Lina Khelifa,11
C0781,Amel Bouzid,3
C0782,Aya Djerbal,8
C0783,Manel Saidi,2
C0784,Sofiane Benali,7
C0785,Walid Rahmani,5
C0786,Karim Djerbal,9
C0787,Nour Guellil,11
C0788,Youcef Mekki,4
C0789,Mohamed Rahmani,12
C0790,Zineb Bouzid,4
C0791,Hichem Bouchareb,6
C0792,Asma Zerrouki,3
C0793,Manel Boukhalfa,2
C0794,Karim Saidi,11
C0795,Sarah Boukhalfa,7
C0796,Amel Guellil,10
C0797,Nabil Bouchareb,12
C0798,Sami Amrani,12
C0799,Sofiane Diaf,4
C0800,Yacine Mansouri,10
C0801,Lina Talbi,9
C0802,Fatima Bouchareb,11
C0803,Ryad Khelifa,5
C0804,Amel Toumi,9
C0805,Amine Chaouch,7
C0806,Asma Djedid,9
C0807,Yasmine Diaf,10
C0808,Billel Benali,4
C0809,Nabil Zerrouki,9
C0810,Lotfi Diaf,10
C0811,Rym Mansouri,5
C0812,Yasmine Amrani,5
C0813,Ryad Khelifa,9
C0814,Fatima Djedid,9
C0815,Amel Khelifa,4
C0816,Khaled Toumi,8
C0817,Sarah Djedid,12
C0818,Khaled Khelifa,3
C0819,Hichem Khelifa,7
C0820,Imane Djerbal,8
C0821,Samia Diaf,5
C0822,Hichem Brahami,7
C0823,Manel Chaouch,5
C0824,Meriem Bouchareb,7
C0825,Youcef Haddad,5
C0826,Sarah Zerrouki,2
C0827,Manel Amrani,11
C0828,Sofiane Chaouch,6
C0829,Chahinez Amrani,12
C0830,Zineb Haddad,10
C0831,Houda Talbi,5
C0832,Aya Zerrouki,8
C0833,Walid Guellil,5
C0834,Yasmine Mansouri,4
C0835,Ryad Oukil,3
C0836,Zineb Talbi,5
C0837,Ryad Brahami,8
C0838,Zineb Boukhalfa,9
C0839,Fares Oukil,1
C0840,Fatima Chaouch,6
C0841,Hichem Bouzid,9
C0842,Nour Mansouri,6
C0843,Mohamed Mansouri,11
C0844,Sarah Boukhalfa,4
C0845,Walid Mebarki,11
C0846,Amine Talbi,11
C0847,Imane Mekki,2
C0848,Sarah Zerrouki,10
C0849,Zineb Djerbal,5
C0850,Khadidja Haddad,8
C0851,Sarah Diaf,11
C0852,Khadidja Toumi,5
C0853,Asma Khelifa,6
C0854,Fatima Mekki,9
C0855,Sofiane Zerrouki,4
C0856,Lina Brahami,1
C0857,Youcef Benali,11
C0858,Lotfi Benali,9
C0859,Lotfi Mekki,1
C0860,Lotfi Saidi,7
C0861,Sofiane Toumi,1
C0862,Chahinez Toumi,7
C0863,Imane Mebarki,12
C0864,Yasmine Guellil,3
C0865,Omar Haddad,6
C0866,Amine Mekki,11
C0867,Walid Zerrouki,4
C0868,Karim Mebarki,10
C0869,Mohamed Khelifa,3
C0870,Nabil Brahami,7
C0871,Nour Bouzid,3
C0872,Nour Mebarki,2
C0873,Ryad Khelifa,10
C0874,Fares Toumi,1
C0875,Lina Mebarki,6
C0876,Billel Djedid,5
C0877,Amine Djedid,8
C0878,Samia Boukhalfa,1
C0879,Samia Saidi,11
C0880,Amel Amrani,4
C0881,Fatima Mekki,8
C0882,Yacine Djerbal,2
C0883,Mohamed Benali,3
C0884,Imane Haddad,4
C0885,Fares Zerrouki,6
C0886,Amel Mansouri,10
C0887,Khadidja Djerbal,9
C0888,Lina Bouzid,9
C0889,Zineb Mebarki,2
C0890,Lina Mansouri,9
C0891,Rym Amrani,5
C0892,Amel Saidi,12
C0893,Rym Bouchareb,9
C0894,Mehdi Benali,11
C0895,Mohamed Mansouri,8
C0896,Houda Boukhalfa,8
C0897,Nour Chaouch,2
C0898,Omar Toumi,2
C0899,Mehdi Zerrouki,6
C0900,Aya Mansouri,6
C0901,Lina Brahami,8
C0902,Mehdi Mansouri,7
C0903,Meriem Talbi,4
C0904,Khadidja Saidi,8
C0905,Rym Haddad,12
C0906,Yacine Bouzid,8
C0907,Fares Amrani,8
C0908,Nour Bouzid,3
C0909,Aya Kherief,6
C0910,Khadidja Djedid,1
C0911,Lina Talbi,5
C0912,Zineb Diaf,8
C0913,Omar Mekki,12
C0914,Zineb Talbi,10
C0915,Khadidja Diaf,10
C0916,Khaled Djedid,2
C0917,Omar Oukil,2
C0918,Youcef Toumi,8
C0919,Youcef Bouchareb,4
C0920,Samia Bouzid,5
C0921,Meriem Diaf,4
C0922,Meriem Oukil,6
C0923,Amel Chaouch,3
C0924,Manel Guellil,7
C0925,Chahinez Mekki,2
C0926,Karim Mansouri,8
C0927,Sofiane Mebarki,4
C0928,Lotfi Bouchareb,1
C0929,Omar Guellil,3
C0930,Fares Diaf,2
C0931,Rym Mekki,10
C0932,Imane Benali,4
C0933,Mehdi Mansouri,3
C0934,Yacine Benali,4
C0935,Chahinez Amrani,4
C0936,Rym Saidi,9
C0937,Youcef Mebarki,11
C0938,Yacine Djedid,1
C0939,Manel Diaf,8
C0940,Manel Talbi,2
C0941,Walid Haddad,8
C0942,Sami Diaf,3
C0943,Billel Brahami,5
C0944,Lina Oukil,6
C0945,Sami Khelifa,2
C0946,Aya Khelifa,4
C0947,Nour Chaouch,11
C0948,Imane Talbi,12
C0949,Aya Toumi,10
C0950,Hichem Amrani,11
C0951,Meriem Zerrouki,9
C0952,Ryad Bouchareb,12
C0953,Khadidja Mansouri,2
C0954,Manel Haddad,8
C0955,Fares Brahami,7
C0956,Zineb Saidi,6
C0957,Sofiane Djerbal,3
C0958,Karim Toumi,6
C0959,Mehdi Diaf,10
C0960,Asma Oukil,12
C0961,Manel Oukil,4
C0962,Ryad Khelifa,10
C0963,Amel Brahami,1
C0964,Amel Bouchareb,10
C0965,Fatima Talbi,4
C0966,Khaled Mansouri,11
C0967,Mohamed Kherief,2
C0968,Sofiane Toumi,12
C0969,Lotfi Mebarki,9
C0970,Imane Djedid,7
C0971,Khaled Zerrouki,9
C0972,Manel Mebarki,2
C0973,Samia Guellil,9
C0974,Nabil Talbi,6
C0975,Khadidja Mansouri,12
C0976,Amine Bouzid,4
C0977,Walid Benali,2
C0978,Imane Zerrouki,8
C0979,Yasmine Bouchareb,1
C0980,Fares Talbi,4
C0981,Ryad Diaf,7
C0982,Khaled Mebarki,9
C0983,Karim Rahmani,4
C0984,Sami Mansouri,11
C0985,Walid Haddad,1
C0986,Khadidja Boukhalfa,2
C0987,Yasmine Saidi,9
C0988,Hichem Benali,2
C0989,Nabil Zerrouki,12
C0990,Manel Bouchareb,4
C0991,Nour Mansouri,6
C0992,Youcef Mansouri,1
C0993,Billel Toumi,5
C0994,Khaled Talbi,5
C0995,Nabil Djedid,11
C0996,Khaled Talbi,11
C0997,Khadidja Saidi,3
C0998,Yasmine Boukhalfa,4
C0999,Yasmine Zerrouki,1
C1000,Mehdi Mansouri,12
C1001,Sami Oukil,8
C1002,Sofiane Khelifa,12
C1003,Meriem Bouzid,7
C1004,Amine Rahmani,1
C1005,Amel Mekki,4
C1006,Sofiane Djerbal,10
C1007,Mohamed Guellil,3
C1008,Hichem Rahmani,11
C1009,Ryad Bouchareb,6
C1010,Sarah Brahami,8
C1011,Fatima Boukhalfa,4
C1012,Hichem Benali,12
C1013,Mohamed Chaouch,9
C1014,Karim Toumi,1
C1015,Manel Khelifa,2
C1016,Yacine Mebarki,7
C1017,Walid Haddad,3
C1018,Lina Mansouri,8
C1019,Billel Khelifa,2
C1020,Meriem Guellil,3
C1021,Karim Toumi,8
C1022,Mohamed Mebarki,4
C1023,Fatima Guellil,12
C1024,Sofiane Khelifa,9
C1025,Houda Mekki,10
C1026,Karim Mansouri,6
C1027,Manel Diaf,10
C1028,Yacine Talbi,12
C1029,Yacine Haddad,9
C1030,Hichem Saidi,3
C1031,Lotfi Mansouri,7
C1032,Lotfi Djerbal,3
C1033,Chahinez Haddad,1
C1034,Nabil Guellil,12
C1035,Rym Mansouri,7
C1036,Meriem Haddad,7
C1037,Nour Haddad,3
C1038,Karim Toumi,3
C1039,Hichem Bouchareb,7
C1040,Khaled Boukhalfa,4
C1041,Amine Mansouri,10
C1042,Amel Talbi,11
C1043,Nour Bouchareb,10
C1044,Yasmine Rahmani,11
C1045,Nour Bouzid,4
C1046,Lotfi Mekki,10
C1047,Walid Bouzid,12
C1048,Lotfi Brahami,11
C1049,Fatima Chaouch,6
C1050,Samia Boukhalfa,11
C1051,Houda Rahmani,5
C1052,Nabil Djedid,12
C1053,Youcef Mansouri,1
C1054,Chahinez Rahmani,12
C1055,Lotfi Amrani,4
C1056,Fares Mansouri,11
C1057,Sarah Boukhalfa,11
C1058,Fares Talbi,6
C1059,Zineb Djedid,8
C1060,Lina Oukil,6
C1061,Ryad Mebarki,10
C1062,Hichem Mebarki,1
C1063,Nabil Benali,9
C1064,Hichem Brahami,7
C1065,Zineb Diaf,9
C1066,Ryad Rahmani,2
C1067,Aya Oukil,2
C1068,Samia Amrani,10
C1069,Billel Mansouri,2
C1070,Sami Khelifa,6
C1071,Fares Saidi,1
C1072,Billel Zerrouki,6
C1073,Manel Djerbal,9
C1074,Houda Oukil,12
C1075,Yasmine Zerrouki,8
C1076,Amine Haddad,12
C1077,Karim Haddad,1
C1078,Khadidja Boukhalfa,8
C1079,Billel Mansouri,12
C1080,Fares Mebarki,11
C1081,Imane Bouzid,8
C1082,Mohamed Oukil,11
C1083,Lotfi Talbi,9
C1084,Yasmine Khelifa,8
C1085,Mehdi Mansouri,6
C1086,Lotfi Djerbal,7
C1087,Mohamed Mekki,4
C1088,Lotfi Boukhalfa,8
C1089,Asma Talbi,12
C1090,Fares Khelifa,10
C1091,Amel Brahami,10
C1092,Lotfi Haddad,2
C1093,Sarah Saidi,2
C1094,Amine Benali,5
C1095,Ryad Bouchareb,11
C1096,Sarah Mebarki,11
C1097,Lotfi Haddad,4
C1098,Youcef Haddad,9
C1099,Houda Kherief,8
C1100,Imane Mekki,3
C1101,Yacine Bouzid,1
C1102,Amel Mekki,5
C1103,Karim Diaf,12
C1104,Sami Benali,7
C1105,Meriem Brahami,4
C1106,Amel Mebarki,12
C1107,Khaled Brahami,10
C1108,Mohamed Guellil,4
C1109,Mohamed Djerbal,2
C1110,Zineb Kherief,6
C1111,Nabil Djedid,2
C1112,Hichem Mekki,7
C1113,Mehdi Mansouri,3
C1114,Nabil Brahami,6
C1115,Mohamed Benali,3
C1116,Hichem Boukhalfa,8
C1117,Amel Kherief,7
C1118,Amine Bouzid,10
C1119,Amel Brahami,11
C1120,Hichem Mansouri,10
C1121,Fares Oukil,10
C1122,Walid Saidi,11
C1123,Lotfi Kherief,3
C1124,Manel Zerrouki,8
C1125,Nabil Amrani,6
C1126,Imane Bouzid,8
C1127,Sarah Guellil,9
C1128,Ryad Mebarki,1
C1129,Hichem Boukhalfa,6
C1130,Youcef Bouzid,12
C1131,Yasmine Djerbal,10
C1132,Lina Guellil,8
C1133,Rym Mebarki,7
C1134,Mehdi Boukhalfa,6
C1135,Sami Boukhalfa,6
C1136,Hichem Zerrouki,6
C1137,Walid Benali,7
C1138,Yacine Diaf,9
C1139,Billel Benali,11
C1140,Nabil Djedid,7
C1141,Fatima Diaf,8
C1142,Amel Zerrouki,2
C1143,Khadidja Talbi,5
C1144,Sami Chaouch,1
C1145,Meriem Bouchareb,6
C1146,Mohamed Khelifa,3
C1147,Sarah Guellil,1
C1148,Amel Amrani,11
C1149,Amel Oukil,10
C1150,Yasmine Bouzid,6
C1151,Manel Haddad,8
C1152,Fatima Mebarki,6
C1153,Mehdi Boukhalfa,1
C1154,Mehdi Mebarki,3
C1155,Amine Haddad,4
C1156,Amel Toumi,1
C1157,Nabil Oukil,5
C1158,Nour Khelifa,10
C1159,Khaled Zerrouki,4
C1160,Sofiane Mansouri,6
C1161,Omar Mansouri,9
C1162,Yacine Djerbal,12
C1163,Karim Boukhalfa,4
C1164,Fatima Djedid,7
C1165,Billel Bouzid,9
C1166,Yasmine Talbi,3
C1167,Manel Khelifa,4
C1168,Hichem Oukil,2
C1169,Khadidja Toumi,3
C1170,Karim Mansouri,6
C1171,Rym Guellil,6
C1172,Meriem Mekki,11
C1173,Khadidja Bouzid,8
C1174,Imane Benali,11
C1175,Amine Djedid,11
C1176,Asma Oukil,3
C1177,Mehdi Diaf,2
C1178,Meriem Brahami,9
C1179,Lina Bouchareb,4
C1180,Sofiane Oukil,6
C1181,Nour Toumi,9
C1182,Karim Djerbal,3
C1183,Nabil Diaf,6
C1184,Fares Brahami,5
C1185,Khadidja Kherief,4
C1186,Mohamed Haddad,6
C1187,Samia Mansouri,9
C1188,Walid Djedid,1
C1189,Amel Guellil,2
C1190,Aya Djedid,2
C1191,Khaled Oukil,4
C1192,Amel Bouchareb,3
C1193,Lina Guellil,4
C1194,Manel Brahami,8
C1195,Aya Amrani,8
C1196,Mohamed Amrani,1
C1197,Aya Chaouch,9
C1198,Asma Djedid,12
C1199,Karim Rahmani,8
C1200,Meriem Bouzid,6
